"app_desc_len","avg_rating"
"short","2.533613445378151"
"medium","3.232809430255403"
"long","3.855946944988041"
